year,state,party,seats
1962.0,Andhra Pradesh,Communist Party Of India,7
1962.0,Andhra Pradesh,Independent,1
1962.0,Andhra Pradesh,Indian National Congress,34
1962.0,Andhra Pradesh,Swatantra,1
1962.0,Assam,Hill Leaders Conference,1
1962.0,Assam,Indian National Congress,9
1962.0,Assam,Praja Socialist Party,2
1962.0,Bihar [1947 - 1999],Communist Party Of India,1
1962.0,Bihar [1947 - 1999],Indian National Congress,39
1962.0,Bihar [1947 - 1999],Jharkhand Party,3
1962.0,Bihar [1947 - 1999],Praja Socialist Party,2
1962.0,Bihar [1947 - 1999],Socialist,1
1962.0,Bihar [1947 - 1999],Swatantra,7
1962.0,Delhi,Indian National Congress,5
1962.0,Gujarat,Indian National Congress,16
1962.0,Gujarat,Nutan Maha Gujarat Janta Parisha,1
1962.0,Gujarat,Praja Socialist Party,1
1962.0,Gujarat,Swatantra,4
1962.0,Himachal Pradesh,Indian National Congress,4
1962.0,Kerala,Communist Party Of India,6
1962.0,Kerala,Independent,3
1962.0,Kerala,Indian National Congress,6
1962.0,Kerala,Muslim League,2
1962.0,Kerala,Revolutionary Socialist Party,1
1962.0,Madhya Pradesh [1947 - 1999],Akhil Bharatiya Ram Rajya Parishad,1
1962.0,Madhya Pradesh [1947 - 1999],Independent,4
1962.0,Madhya Pradesh [1947 - 1999],Indian National Congress,24
1962.0,Madhya Pradesh [1947 - 1999],Jan Sangh,3
1962.0,Madhya Pradesh [1947 - 1999],Praja Socialist Party,3
1962.0,Madhya Pradesh [1947 - 1999],Socialist,1
1962.0,Madras,Communist Party Of India,2
1962.0,Madras,Dravida Munetra Kazhagam,7
1962.0,Madras,Forward Block,1
1962.0,Madras,Indian National Congress,31
1962.0,Maharashtra,Independent,2
1962.0,Maharashtra,Indian National Congress,41
1962.0,Maharashtra,Praja Socialist Party,1
1962.0,Manipur,Indian National Congress,1
1962.0,Manipur,Socialist,1
1962.0,Mysore,Indian National Congress,25
1962.0,Mysore,Lok Sewak Sangh,1
1962.0,Orissa,Ganatantra Parishad,4
1962.0,Orissa,Indian National Congress,14
1962.0,Orissa,Praja Socialist Party,1
1962.0,Orissa,Socialist,1
1962.0,Punjab,Akali Dal,3
1962.0,Punjab,Haryana Lok Samiti,1
1962.0,Punjab,Indian National Congress,14
1962.0,Punjab,Jan Sangh,3
1962.0,Punjab,Socialist,1
1962.0,Rajasthan,Akhil Bharatiya Ram Rajya Parishad,1
1962.0,Rajasthan,Independent,3
1962.0,Rajasthan,Indian National Congress,14
1962.0,Rajasthan,Jan Sangh,1
1962.0,Rajasthan,Swatantra,3
1962.0,Tripura,Communist Party Of India,2
1962.0,Uttar Pradesh [1947 - 1999],Akhil Bharatiya Hindu Mahasabha,1
1962.0,Uttar Pradesh [1947 - 1999],Communist Party Of India,2
1962.0,Uttar Pradesh [1947 - 1999],Independent,5
1962.0,Uttar Pradesh [1947 - 1999],Indian National Congress,62
1962.0,Uttar Pradesh [1947 - 1999],Jan Sangh,7
1962.0,Uttar Pradesh [1947 - 1999],Praja Socialist Party,2
1962.0,Uttar Pradesh [1947 - 1999],Republican Party,3
1962.0,Uttar Pradesh [1947 - 1999],Socialist,1
1962.0,Uttar Pradesh [1947 - 1999],Swatantra,3
1962.0,West Bengal,Communist Party Of India,9
1962.0,West Bengal,Forward Block,1
1962.0,West Bengal,Independent,2
1962.0,West Bengal,Indian National Congress,22
1962.0,West Bengal,Lok Sewak Sangh,1
1962.0,West Bengal,Revolutionary Socialist Party,1
1967.0,Andaman & Nicobar Islands,Indian National Congress,1
1967.0,Andhra Pradesh,Communist Party Of India,1
1967.0,Andhra Pradesh,Independent,2
1967.0,Andhra Pradesh,Indian National Congress,35
1967.0,Andhra Pradesh,Swatantra,3
1967.0,Assam,All Party Hill Leaders Conference,1
1967.0,Assam,Communist Party Of India,1
1967.0,Assam,Indian National Congress,10
1967.0,Assam,Praja Socialist Party,2
1967.0,Bihar [1947 - 1999],Bhartiya Jan Sangh,1
1967.0,Bihar [1947 - 1999],Communist Party Of India,5
1967.0,Bihar [1947 - 1999],Independent,4
1967.0,Bihar [1947 - 1999],Indian National Congress,34
1967.0,Bihar [1947 - 1999],Jana Kranti Dal,1
1967.0,Bihar [1947 - 1999],Praja Socialist Party,1
1967.0,Bihar [1947 - 1999],Samyukta Socialist Party,7
1967.0,Chandigarh,Bhartiya Jan Sangh,1
1967.0,Dadra & Nagar Haveli,Indian National Congress,1
1967.0,Delhi,Bhartiya Jan Sangh,6
1967.0,Delhi,Indian National Congress,1
1967.0,"Goa, Daman And Diu",Independent,1
1967.0,"Goa, Daman And Diu",United Goans - Seqveria Group,1
1967.0,Gujarat,Independent,1
1967.0,Gujarat,Indian National Congress,11
1967.0,Gujarat,Swatantra,12
1967.0,Haryana,Bhartiya Jan Sangh,1
1967.0,Haryana,Independent,1
1967.0,Haryana,Indian National Congress,7
1967.0,Himachal Pradesh,Indian National Congress,6
1967.0,Jammu & Kashmir,Indian National Congress,5
1967.0,Jammu & Kashmir,Jammu & Kashmir National Conference,1
1967.0,Kerala,Communist Party Of India,3
1967.0,Kerala,Communist Party Of India (MARXIST),9
1967.0,Kerala,Independent,1
1967.0,Kerala,Indian National Congress,1
1967.0,Kerala,Muslim Leage,2
1967.0,Kerala,Samyukta Socialist Party,3
1967.0,"Laccadive, Minicoy And Amindivi Islands",Independent,1
1967.0,Madhya Pradesh [1947 - 1999],Bhartiya Jan Sangh,10
1967.0,Madhya Pradesh [1947 - 1999],Independent,2
1967.0,Madhya Pradesh [1947 - 1999],Indian National Congress,24
1967.0,Madhya Pradesh [1947 - 1999],Swatantra,1
1967.0,Madras,Communist Party Of India (MARXIST),4
1967.0,Madras,Dravida Munetra Kazhagam,25
1967.0,Madras,Independent,1
1967.0,Madras,Indian National Congress,3
1967.0,Madras,Swatantra,6
1967.0,Maharashtra,Communist Party Of India,2
1967.0,Maharashtra,Independent,1
1967.0,Maharashtra,Indian National Congress,37
1967.0,Maharashtra,Peasants & Workers Party,2
1967.0,Maharashtra,Praja Socialist Party,1
1967.0,Maharashtra,Samyukta Socialist Party,2
1967.0,Manipur,Communist Party Of India,1
1967.0,Manipur,Independent,1
1967.0,Mysore,Independent,1
1967.0,Mysore,Indian National Congress,18
1967.0,Mysore,Praja Socialist Party,2
1967.0,Mysore,Samyukta Socialist Party,1
1967.0,Mysore,Swatantra,5
1967.0,Nagaland,Nagaland Nationalist Organisation,1
1967.0,Orissa,Independent,1
1967.0,Orissa,Indian National Congress,6
1967.0,Orissa,Praja Socialist Party,4
1967.0,Orissa,Samyukta Socialist Party,1
1967.0,Orissa,Swatantra,8
1967.0,Pondicherry,Indian National Congress,1
1967.0,Punjab,Akali Dal - Sant Fateh Singh Group,3
1967.0,Punjab,Bhartiya Jan Sangh,1
1967.0,Punjab,Indian National Congress,9
1967.0,Rajasthan,Bhartiya Jan Sangh,3
1967.0,Rajasthan,Independent,2
1967.0,Rajasthan,Indian National Congress,10
1967.0,Rajasthan,Swatantra,8
1967.0,Tripura,Indian National Congress,2
1967.0,Uttar Pradesh [1947 - 1999],Bhartiya Jan Sangh,12
1967.0,Uttar Pradesh [1947 - 1999],Communist Party Of India,5
1967.0,Uttar Pradesh [1947 - 1999],Communist Party Of India (MARXIST),1
1967.0,Uttar Pradesh [1947 - 1999],Independent,8
1967.0,Uttar Pradesh [1947 - 1999],Indian National Congress,47
1967.0,Uttar Pradesh [1947 - 1999],Praja Socialist Party,2
1967.0,Uttar Pradesh [1947 - 1999],Republican Party Of India,1
1967.0,Uttar Pradesh [1947 - 1999],Samyukta Socialist Party,8
1967.0,Uttar Pradesh [1947 - 1999],Swatantra,1
1967.0,West Bengal,Bangla Congress,5
1967.0,West Bengal,Communist Party Of India,5
1967.0,West Bengal,Communist Party Of India (MARXIST),5
1967.0,West Bengal,Forward Bloc,2
1967.0,West Bengal,Independent,7
1967.0,West Bengal,Indian National Congress,14
1967.0,West Bengal,Praja Socialist Party,1
1967.0,West Bengal,Samyukta Socialist Party,1
1971.0,Andaman & Nicobar Islands,Indian National Congress,1
1971.0,Andhra Pradesh,Communist Party Of India,1
1971.0,Andhra Pradesh,Communist Party Of India (MARXIST),1
1971.0,Andhra Pradesh,Independent,1
1971.0,Andhra Pradesh,Indian National Congress,28
1971.0,Andhra Pradesh,Telangana Praja Samithi,10
1971.0,Assam,All Party Hill Leaders Conference,1
1971.0,Assam,Indian National Congress,13
1971.0,Bihar [1947 - 1999],All India Jharkhand Party,1
1971.0,Bihar [1947 - 1999],Bhartiya Jan Sangh,2
1971.0,Bihar [1947 - 1999],Communist Party Of India,5
1971.0,Bihar [1947 - 1999],Independent,1
1971.0,Bihar [1947 - 1999],Indian National Congress,39
1971.0,Bihar [1947 - 1999],Indian National Congress (ORGANISATION),3
1971.0,Bihar [1947 - 1999],Samyukta Socialist Party,2
1971.0,Chandigarh,Indian National Congress,1
1971.0,Dadra & Nagar Haveli,Indian National Congress,1
1971.0,Delhi,Indian National Congress,7
1971.0,"Goa, Daman And Diu",Indian National Congress,1
1971.0,"Goa, Daman And Diu",United Goans - Seqveria Group,1
1971.0,Gujarat,Indian National Congress,11
1971.0,Gujarat,Indian National Congress (ORGANISATION),11
1971.0,Gujarat,Swatantra,2
1971.0,Haryana,Bhartiya Jan Sangh,1
1971.0,Haryana,Indian National Congress,7
1971.0,Haryana,Vishal Haryana,1
1971.0,Himachal Pradesh,Indian National Congress,4
1971.0,Jammu & Kashmir,Independent,1
1971.0,Jammu & Kashmir,Indian National Congress,5
1971.0,Kerala,Communist Party Of India,3
1971.0,Kerala,Communist Party Of India (MARXIST),2
1971.0,Kerala,Independent,1
1971.0,Kerala,Indian National Congress,6
1971.0,Kerala,Kerala Congress,3
1971.0,Kerala,Muslim Leage,2
1971.0,Kerala,Revolutionary Socialist Party,2
1971.0,"Laccadive, Minicoy And Amindivi Islands",Indian National Congress,1
1971.0,Madhya Pradesh [1947 - 1999],Bhartiya Jan Sangh,11
1971.0,Madhya Pradesh [1947 - 1999],Independent,4
1971.0,Madhya Pradesh [1947 - 1999],Indian National Congress,21
1971.0,Madhya Pradesh [1947 - 1999],Samyukta Socialist Party,1
1971.0,Maharashtra,Forward Bloc,1
1971.0,Maharashtra,Indian National Congress,42
1971.0,Maharashtra,Praja Socialist Party,1
1971.0,Maharashtra,Republican Party Of India,1
1971.0,Manipur,Indian National Congress,2
1971.0,Mysore,Indian National Congress,27
1971.0,Nagaland,United Front Of Nagaland,1
1971.0,Orissa,Communist Party Of India,1
1971.0,Orissa,Indian National Congress,15
1971.0,Orissa,Swatantra,3
1971.0,Orissa,Utkal Congress,1
1971.0,Pondicherry,Indian National Congress,1
1971.0,Punjab,Communist Party Of India,2
1971.0,Punjab,Indian National Congress,10
1971.0,Punjab,Shiromani Akali Dal,1
1971.0,Rajasthan,Bhartiya Jan Sangh,4
1971.0,Rajasthan,Independent,2
1971.0,Rajasthan,Indian National Congress,14
1971.0,Rajasthan,Swatantra,3
1971.0,Tamil Nadu,Communist Party Of India,4
1971.0,Tamil Nadu,Dravida Munetra Kazhagam,23
1971.0,Tamil Nadu,Forward Bloc,1
1971.0,Tamil Nadu,Independent,1
1971.0,Tamil Nadu,Indian National Congress,9
1971.0,Tamil Nadu,Indian National Congress (ORGANISATION),1
1971.0,Tripura,Communist Party Of India (MARXIST),2
1971.0,Uttar Pradesh [1947 - 1999],Bharatiya Kranti Dal,1
1971.0,Uttar Pradesh [1947 - 1999],Bhartiya Jan Sangh,4
1971.0,Uttar Pradesh [1947 - 1999],Communist Party Of India,4
1971.0,Uttar Pradesh [1947 - 1999],Independent,2
1971.0,Uttar Pradesh [1947 - 1999],Indian National Congress,73
1971.0,Uttar Pradesh [1947 - 1999],Indian National Congress (ORGANISATION),1
1971.0,West Bengal,Bangla Congress,1
1971.0,West Bengal,Communist Party Of India,3
1971.0,West Bengal,Communist Party Of India (MARXIST),20
1971.0,West Bengal,Independent,1
1971.0,West Bengal,Indian National Congress,13
1971.0,West Bengal,Praja Socialist Party,1
1971.0,West Bengal,Revolutionary Socialist Party,1
1977.0,Andaman & Nicobar Islands,Indian National Congress,1
1977.0,Andhra Pradesh,Bharatiya Lok Dal,1
1977.0,Andhra Pradesh,Indian National Congress,41
1977.0,Arunachal Pradesh,Independent,1
1977.0,Arunachal Pradesh,Indian National Congress,1
1977.0,Assam,Bharatiya Lok Dal,3
1977.0,Assam,Independent,1
1977.0,Assam,Indian National Congress,10
1977.0,Bihar [1947 - 1999],All India Jharkhand Party,1
1977.0,Bihar [1947 - 1999],Bharatiya Lok Dal,52
1977.0,Bihar [1947 - 1999],Independent,1
1977.0,Chandigarh,Bharatiya Lok Dal,1
1977.0,Dadra & Nagar Haveli,Indian National Congress,1
1977.0,Daman & Diu,-,1
1977.0,Delhi [1977 Onwards],Bharatiya Lok Dal,7
1977.0,"Goa, Daman And Diu",Indian National Congress,1
1977.0,"Goa, Daman And Diu",Maharashtrawadi Gomantak,1
1977.0,Gujarat,Bharatiya Lok Dal,16
1977.0,Gujarat,Indian National Congress,10
1977.0,Haryana,Bharatiya Lok Dal,10
1977.0,Himachal Pradesh,Bharatiya Lok Dal,4
1977.0,Jammu & Kashmir,Independent,1
1977.0,Jammu & Kashmir,Indian National Congress,3
1977.0,Jammu & Kashmir,Jammu & Kashmir National Conference,2
1977.0,Karnataka,Bharatiya Lok Dal,2
1977.0,Karnataka,Indian National Congress,26
1977.0,Kerala,Communist Party Of India,4
1977.0,Kerala,Indian National Congress,11
1977.0,Kerala,Kerala Congress,2
1977.0,Kerala,Muslim Leage,2
1977.0,Kerala,Revolutionary Socialist Party,1
1977.0,Lakshadweep,Indian National Congress,1
1977.0,Madhya Pradesh [1947 - 1999],Bharatiya Lok Dal,37
1977.0,Madhya Pradesh [1947 - 1999],Independent,1
1977.0,Madhya Pradesh [1947 - 1999],Indian National Congress,1
1977.0,Madhya Pradesh [1947 - 1999],Republican Party Of India (KHOBRAGADE),1
1977.0,Maharashtra,Bharatiya Lok Dal,19
1977.0,Maharashtra,Communist Party Of India (MARXIST),3
1977.0,Maharashtra,Indian National Congress,20
1977.0,Maharashtra,Peasants & Workers Party,5
1977.0,Maharashtra,Republican Party Of India (KHOBRAGADE),1
1977.0,Manipur,Indian National Congress,2
1977.0,Meghalaya,Independent,1
1977.0,Meghalaya,Indian National Congress,1
1977.0,Mizoram,Independent,1
1977.0,Nagaland,United Democratic Front,1
1977.0,Orissa,Bharatiya Lok Dal,15
1977.0,Orissa,Communist Party Of India (MARXIST),1
1977.0,Orissa,Independent,1
1977.0,Orissa,Indian National Congress,4
1977.0,Pondicherry,All India Anna Dravida Munnetra Kazhagam,1
1977.0,Punjab,Bharatiya Lok Dal,3
1977.0,Punjab,Communist Party Of India (MARXIST),1
1977.0,Punjab,Shiromani Akali Dal,9
1977.0,Rajasthan,Bharatiya Lok Dal,24
1977.0,Rajasthan,Indian National Congress,1
1977.0,Sikkim,Indian National Congress,1
1977.0,Tamil Nadu,All India Anna Dravida Munnetra Kazhagam,17
1977.0,Tamil Nadu,Communist Party Of India,3
1977.0,Tamil Nadu,Dravida Munetra Kazhagam,2
1977.0,Tamil Nadu,Indian National Congress,14
1977.0,Tamil Nadu,Indian National Congress (ORGANISATION),3
1977.0,Tripura,Bharatiya Lok Dal,1
1977.0,Tripura,Indian National Congress,1
1977.0,Uttar Pradesh [1947 - 1999],Bharatiya Lok Dal,85
1977.0,West Bengal,All India Forward Bloc,3
1977.0,West Bengal,Bharatiya Lok Dal,15
1977.0,West Bengal,Communist Party Of India (MARXIST),17
1977.0,West Bengal,Independent,1
1977.0,West Bengal,Indian National Congress,3
1977.0,West Bengal,Revolutionary Socialist Party,3
1980.0,Andaman & Nicobar Islands,Indian National Congress (I),1
1980.0,Andhra Pradesh,Indian National Congress (I),41
1980.0,Andhra Pradesh,Indian National Congress (U),1
1980.0,Arunachal Pradesh,Indian National Congress (I),2
1980.0,Assam,-,12
1980.0,Assam,Indian National Congress (I),2
1980.0,Bihar [1947 - 1999],Communist Party Of India,4
1980.0,Bihar [1947 - 1999],Independent,2
1980.0,Bihar [1947 - 1999],Indian National Congress (I),30
1980.0,Bihar [1947 - 1999],Indian National Congress (U),4
1980.0,Bihar [1947 - 1999],Janta Party,8
1980.0,Bihar [1947 - 1999],Janta Party (SECULAR),5
1980.0,Bihar [1947 - 1999],Jharkhand Party,1
1980.0,Chandigarh,Indian National Congress (I),1
1980.0,Dadra & Nagar Haveli,Indian National Congress (I),1
1980.0,Daman & Diu,-,1
1980.0,Delhi [1977 Onwards],Indian National Congress (I),6
1980.0,Delhi [1977 Onwards],Janta Party,1
1980.0,"Goa, Daman And Diu",Indian National Congress (U),1
1980.0,"Goa, Daman And Diu",Maharashtrawadi Gomantak,1
1980.0,Gujarat,Indian National Congress (I),25
1980.0,Gujarat,Janta Party,1
1980.0,Haryana,Indian National Congress (I),5
1980.0,Haryana,Janta Party,1
1980.0,Haryana,Janta Party (SECULAR),4
1980.0,Himachal Pradesh,Indian National Congress (I),4
1980.0,Jammu & Kashmir,Independent,1
1980.0,Jammu & Kashmir,Indian National Congress (I),1
1980.0,Jammu & Kashmir,Indian National Congress (U),1
1980.0,Jammu & Kashmir,Jammu & Kashmir National Conference,3
1980.0,Karnataka,Indian National Congress (I),27
1980.0,Karnataka,Janta Party,1
1980.0,Kerala,Communist Party Of India,1
1980.0,Kerala,Communist Party Of India (MARXIST),7
1980.0,Kerala,Independent,1
1980.0,Kerala,Indian National Congress (I),5
1980.0,Kerala,Indian National Congress (U),3
1980.0,Kerala,Kerala Congress,1
1980.0,Kerala,Muslim Leage,2
1980.0,Lakshadweep,Indian National Congress (U),1
1980.0,Madhya Pradesh [1947 - 1999],Independent,1
1980.0,Madhya Pradesh [1947 - 1999],Indian National Congress (I),35
1980.0,Madhya Pradesh [1947 - 1999],Janta Party,4
1980.0,Maharashtra,Indian National Congress (I),39
1980.0,Maharashtra,Indian National Congress (U),1
1980.0,Maharashtra,Janta Party,8
1980.0,Manipur,Communist Party Of India,1
1980.0,Manipur,Indian National Congress (I),1
1980.0,Meghalaya,-,1
1980.0,Meghalaya,Indian National Congress (I),1
1980.0,Mizoram,Independent,1
1980.0,Nagaland,Independent,1
1980.0,Orissa,Indian National Congress (I),20
1980.0,Orissa,Janta Party (SECULAR),1
1980.0,Pondicherry,Indian National Congress (I),1
1980.0,Punjab,Indian National Congress (I),12
1980.0,Punjab,Shiromani Akali Dal,1
1980.0,Rajasthan,Indian National Congress (I),18
1980.0,Rajasthan,Indian National Congress (U),1
1980.0,Rajasthan,Janta Party,4
1980.0,Rajasthan,Janta Party (SECULAR),2
1980.0,Sikkim,Sikkim Janata Parishad,1
1980.0,Tamil Nadu,All India Anna Dravida Munnetra Kazhagam,2
1980.0,Tamil Nadu,Dravida Munetra Kazhagam,16
1980.0,Tamil Nadu,Independent,1
1980.0,Tamil Nadu,Indian National Congress (I),20
1980.0,Tripura,Communist Party Of India (MARXIST),2
1980.0,Uttar Pradesh [1947 - 1999],Communist Party Of India,1
1980.0,Uttar Pradesh [1947 - 1999],Independent,1
1980.0,Uttar Pradesh [1947 - 1999],Indian National Congress (I),51
1980.0,Uttar Pradesh [1947 - 1999],Janta Party,3
1980.0,Uttar Pradesh [1947 - 1999],Janta Party (SECULAR),29
1980.0,West Bengal,All India Forward Bloc,3
1980.0,West Bengal,Communist Party Of India,3
1980.0,West Bengal,Communist Party Of India (MARXIST),28
1980.0,West Bengal,Indian National Congress (I),4
1980.0,West Bengal,Revolutionary Socialist Party,4
1984.0,Andaman & Nicobar Islands,Indian National Congress,1
1984.0,Andhra Pradesh,Bharatiya Janta Party,1
1984.0,Andhra Pradesh,Communist Party Of India,1
1984.0,Andhra Pradesh,Communist Party Of India (MARXIST),1
1984.0,Andhra Pradesh,Independent,1
1984.0,Andhra Pradesh,Indian Congress (SOCIALIST),1
1984.0,Andhra Pradesh,Indian National Congress,6
1984.0,Andhra Pradesh,Janta Party,1
1984.0,Andhra Pradesh,Telugu Desam,30
1984.0,Arunachal Pradesh,Indian National Congress,2
1984.0,Assam,Independent,8
1984.0,Assam,Indian Congress (SOCIALIST),1
1984.0,Assam,Indian National Congress,4
1984.0,Assam,Plains Tribals Council Of Assam,1
1984.0,Bihar [1947 - 1999],Communist Party Of India,2
1984.0,Bihar [1947 - 1999],Independent,1
1984.0,Bihar [1947 - 1999],Indian Congress (J),1
1984.0,Bihar [1947 - 1999],Indian National Congress,48
1984.0,Bihar [1947 - 1999],Janta Party,1
1984.0,Bihar [1947 - 1999],Lok Dal,1
1984.0,Chandigarh,Indian National Congress,1
1984.0,Dadra & Nagar Haveli,Independent,1
1984.0,Daman & Diu,-,1
1984.0,Delhi [1977 Onwards],Indian National Congress,7
1984.0,"Goa, Daman And Diu",Indian National Congress,2
1984.0,Gujarat,Bharatiya Janta Party,1
1984.0,Gujarat,Indian National Congress,24
1984.0,Gujarat,Janta Party,1
1984.0,Haryana,Indian National Congress,10
1984.0,Himachal Pradesh,Indian National Congress,4
1984.0,Jammu & Kashmir,Indian National Congress,3
1984.0,Jammu & Kashmir,Jammu & Kashmir National Conference,3
1984.0,Karnataka,Indian National Congress,24
1984.0,Karnataka,Janta Party,4
1984.0,Kerala,Communist Party Of India (MARXIST),1
1984.0,Kerala,Indian Congress (SOCIALIST),1
1984.0,Kerala,Indian National Congress,13
1984.0,Kerala,Janta Party,1
1984.0,Kerala,Kerala Congress (J),2
1984.0,Kerala,Muslim Leage,2
1984.0,Lakshadweep,Indian National Congress,1
1984.0,Madhya Pradesh [1947 - 1999],Indian National Congress,40
1984.0,Maharashtra,Independent,1
1984.0,Maharashtra,Indian Congress (SOCIALIST),2
1984.0,Maharashtra,Indian National Congress,43
1984.0,Maharashtra,Janta Party,1
1984.0,Maharashtra,Peasants & Workers Party,1
1984.0,Manipur,Indian National Congress,2
1984.0,Meghalaya,Indian National Congress,2
1984.0,Mizoram,Indian National Congress,1
1984.0,Nagaland,Indian National Congress,1
1984.0,Orissa,Indian National Congress,20
1984.0,Orissa,Janta Party,1
1984.0,Pondicherry,Indian National Congress,1
1984.0,Punjab,Indian National Congress,6
1984.0,Punjab,Shiromani Akali Dal,7
1984.0,Rajasthan,Indian National Congress,25
1984.0,Sikkim,Independent,1
1984.0,Tamil Nadu,All India Anna Dravida Munnetra Kazhagam,12
1984.0,Tamil Nadu,Dravida Munetra Kazhagam,2
1984.0,Tamil Nadu,Indian National Congress,25
1984.0,Tripura,Communist Party Of India (MARXIST),2
1984.0,Uttar Pradesh [1947 - 1999],Indian National Congress,83
1984.0,Uttar Pradesh [1947 - 1999],Lok Dal,2
1984.0,West Bengal,All India Forward Bloc,2
1984.0,West Bengal,Communist Party Of India,3
1984.0,West Bengal,Communist Party Of India (MARXIST),18
1984.0,West Bengal,Indian National Congress,16
1984.0,West Bengal,Revolutionary Socialist Party,3
1989.0,Andaman & Nicobar Islands,Indian National Congress,1
1989.0,Andhra Pradesh,Allindia Majlis-E Ithehad-Ul-Mulimeen,1
1989.0,Andhra Pradesh,Indian National Congress,39
1989.0,Andhra Pradesh,Telugu Desam,2
1989.0,Arunachal Pradesh,Indian National Congress,2
1989.0,Assam,-,14
1989.0,Bihar [1947 - 1999],Bharatiya Janta Party,8
1989.0,Bihar [1947 - 1999],Communist Party Of India,4
1989.0,Bihar [1947 - 1999],Communist Party Of India (MARXIST),1
1989.0,Bihar [1947 - 1999],Indian National Congress,4
1989.0,Bihar [1947 - 1999],Indian Peoples Front,1
1989.0,Bihar [1947 - 1999],Janata Dal,32
1989.0,Bihar [1947 - 1999],Jharkhand Mukti Morcha,3
1989.0,Bihar [1947 - 1999],Marxist (CO-ORDINATION),1
1989.0,Chandigarh,Janata Dal,1
1989.0,Dadra & Nagar Haveli,Independent,1
1989.0,Daman & Diu,Independent,1
1989.0,Delhi [1977 Onwards],Bharatiya Janta Party,4
1989.0,Delhi [1977 Onwards],Indian National Congress,2
1989.0,Delhi [1977 Onwards],Janata Dal,1
1989.0,Goa,Indian National Congress,1
1989.0,Goa,Maharashtrawadi Gomantak,1
1989.0,Gujarat,Bharatiya Janta Party,12
1989.0,Gujarat,Indian National Congress,3
1989.0,Gujarat,Janata Dal,11
1989.0,Haryana,Indian National Congress,4
1989.0,Haryana,Janata Dal,6
1989.0,Himachal Pradesh,Bharatiya Janta Party,3
1989.0,Himachal Pradesh,Indian National Congress,1
1989.0,Jammu & Kashmir,Independent,1
1989.0,Jammu & Kashmir,Indian National Congress,2
1989.0,Jammu & Kashmir,Jammu & Kashmir National Conference,3
1989.0,Karnataka,Indian National Congress,27
1989.0,Karnataka,Janata Dal,1
1989.0,Kerala,Communist Party Of India (MARXIST),2
1989.0,Kerala,Indian Congress (SOCIALIST- SARAT CHANDRA SINHA),1
1989.0,Kerala,Indian National Congress,14
1989.0,Kerala,Kerala Congress(M),1
1989.0,Kerala,Muslim Leage,2
1989.0,Lakshadweep,Indian National Congress,1
1989.0,Madhya Pradesh [1947 - 1999],Bharatiya Janta Party,27
1989.0,Madhya Pradesh [1947 - 1999],Independent,1
1989.0,Madhya Pradesh [1947 - 1999],Indian National Congress,8
1989.0,Madhya Pradesh [1947 - 1999],Janata Dal,4
1989.0,Maharashtra,Bharatiya Janta Party,10
1989.0,Maharashtra,Communist Party Of India,1
1989.0,Maharashtra,Independent,3
1989.0,Maharashtra,Indian National Congress,28
1989.0,Maharashtra,Janata Dal,5
1989.0,Maharashtra,Shiv Sena,1
1989.0,Manipur,Indian National Congress,2
1989.0,Meghalaya,Indian National Congress,2
1989.0,Mizoram,Indian National Congress,1
1989.0,Nagaland,Indian National Congress,1
1989.0,Orissa,Communist Party Of India,1
1989.0,Orissa,Communist Party Of India (MARXIST),1
1989.0,Orissa,Indian National Congress,3
1989.0,Orissa,Janata Dal,16
1989.0,Pondicherry,Indian National Congress,1
1989.0,Punjab,Bahujan Samaj Party,1
1989.0,Punjab,Independent,3
1989.0,Punjab,Indian National Congress,2
1989.0,Punjab,Janata Dal,1
1989.0,Punjab,Shiromani Akali Dal (SIMRANJIT SINGH MANN),6
1989.0,Rajasthan,Bharatiya Janta Party,13
1989.0,Rajasthan,Communist Party Of India (MARXIST),1
1989.0,Rajasthan,Janata Dal,11
1989.0,Sikkim,Sikkim Sangram Parishad,1
1989.0,Tamil Nadu,All India Anna Dravida Munnetra Kazhagam,11
1989.0,Tamil Nadu,Communist Party Of India,1
1989.0,Tamil Nadu,Indian National Congress,27
1989.0,Tripura,Indian National Congress,2
1989.0,Uttar Pradesh [1947 - 1999],Akhil Bharatiya Hindu Mahasabha,1
1989.0,Uttar Pradesh [1947 - 1999],Bahujan Samaj Party,2
1989.0,Uttar Pradesh [1947 - 1999],Bharatiya Janta Party,8
1989.0,Uttar Pradesh [1947 - 1999],Communist Party Of India,2
1989.0,Uttar Pradesh [1947 - 1999],Communist Party Of India (MARXIST),1
1989.0,Uttar Pradesh [1947 - 1999],Independent,2
1989.0,Uttar Pradesh [1947 - 1999],Indian National Congress,15
1989.0,Uttar Pradesh [1947 - 1999],Janata Dal,54
1989.0,West Bengal,All India Forward Bloc,3
1989.0,West Bengal,Communist Party Of India,3
1989.0,West Bengal,Communist Party Of India (MARXIST),27
1989.0,West Bengal,Gorkha National Liberation Front,1
1989.0,West Bengal,Indian National Congress,4
1989.0,West Bengal,Revolutionary Socialist Party,4
1991.0,Andaman & Nicobar Islands,Indian National Congress,1
1991.0,Andhra Pradesh,Allindia Majlis-E Ithehad-Ul-Mulimeen,1
1991.0,Andhra Pradesh,Bharatiya Janta Party,1
1991.0,Andhra Pradesh,Communist Party Of India,1
1991.0,Andhra Pradesh,Communist Party Of India (MARXIST),1
1991.0,Andhra Pradesh,Indian National Congress,25
1991.0,Andhra Pradesh,Telugu Desam,13
1991.0,Arunachal Pradesh,Indian National Congress,2
1991.0,Assam,Asom Gana Parisad,1
1991.0,Assam,Autonomous State Demand Committee,1
1991.0,Assam,Bharatiya Janta Party,2
1991.0,Assam,Communist Party Of India (MARXIST),1
1991.0,Assam,Independent,1
1991.0,Assam,Indian National Congress,8
1991.0,Bihar [1947 - 1999],-,2
1991.0,Bihar [1947 - 1999],Bharatiya Janta Party,5
1991.0,Bihar [1947 - 1999],Communist Party Of India,8
1991.0,Bihar [1947 - 1999],Communist Party Of India (MARXIST),1
1991.0,Bihar [1947 - 1999],Indian National Congress,1
1991.0,Bihar [1947 - 1999],Janata Dal,31
1991.0,Bihar [1947 - 1999],Jharkhand Mukti Morcha,6
1991.0,Chandigarh,Indian National Congress,1
1991.0,Dadra & Nagar Haveli,Indian National Congress,1
1991.0,Daman & Diu,Bharatiya Janta Party,1
1991.0,Delhi [1977 Onwards],Bharatiya Janta Party,5
1991.0,Delhi [1977 Onwards],Indian National Congress,2
1991.0,Goa,Indian National Congress,2
1991.0,Gujarat,Bharatiya Janta Party,20
1991.0,Gujarat,Indian National Congress,5
1991.0,Gujarat,Janata Dal (Gujrat),1
1991.0,Haryana,Haryana Vikas Party,1
1991.0,Haryana,Indian National Congress,9
1991.0,Himachal Pradesh,Bharatiya Janta Party,2
1991.0,Himachal Pradesh,Indian National Congress,2
1991.0,Jammu & Kashmir,-,6
1991.0,Karnataka,Bharatiya Janta Party,4
1991.0,Karnataka,Indian National Congress,23
1991.0,Karnataka,Jharkhand Party,1
1991.0,Kerala,Communist Party Of India (MARXIST),3
1991.0,Kerala,Indian Congress (SOCIALIST- SARAT CHANDRA SINHA),1
1991.0,Kerala,Indian National Congress,13
1991.0,Kerala,Kerala Congress(M),1
1991.0,Kerala,Muslim Leage,2
1991.0,Lakshadweep,Indian National Congress,1
1991.0,Madhya Pradesh [1947 - 1999],Bahujan Samaj Party,1
1991.0,Madhya Pradesh [1947 - 1999],Bharatiya Janta Party,12
1991.0,Madhya Pradesh [1947 - 1999],Indian National Congress,27
1991.0,Maharashtra,Bharatiya Janta Party,5
1991.0,Maharashtra,Communist Party Of India (MARXIST),1
1991.0,Maharashtra,Indian National Congress,38
1991.0,Maharashtra,Shiv Sena,4
1991.0,Manipur,Indian National Congress,1
1991.0,Manipur,Manipur Peoples Party,1
1991.0,Meghalaya,Indian National Congress,2
1991.0,Mizoram,Indian National Congress,1
1991.0,Nagaland,Nagaland Peoples Council,1
1991.0,Orissa,Communist Party Of India,1
1991.0,Orissa,Communist Party Of India (MARXIST),1
1991.0,Orissa,Indian National Congress,13
1991.0,Orissa,Janata Dal,6
1991.0,Pondicherry,Indian National Congress,1
1991.0,Punjab,Bahujan Samaj Party,1
1991.0,Punjab,Indian National Congress,12
1991.0,Rajasthan,Bharatiya Janta Party,12
1991.0,Rajasthan,Indian National Congress,13
1991.0,Sikkim,Sikkim Sangram Parishad,1
1991.0,Tamil Nadu,All India Anna Dravida Munnetra Kazhagam,11
1991.0,Tamil Nadu,Indian National Congress,28
1991.0,Tripura,Indian National Congress,2
1991.0,Uttar Pradesh [1947 - 1999],-,1
1991.0,Uttar Pradesh [1947 - 1999],Bahujan Samaj Party,1
1991.0,Uttar Pradesh [1947 - 1999],Bharatiya Janta Party,51
1991.0,Uttar Pradesh [1947 - 1999],Communist Party Of India,1
1991.0,Uttar Pradesh [1947 - 1999],Indian National Congress,5
1991.0,Uttar Pradesh [1947 - 1999],Janata Dal,22
1991.0,Uttar Pradesh [1947 - 1999],Jharkhand Party,4
1991.0,West Bengal,All India Forward Bloc,3
1991.0,West Bengal,Communist Party Of India,3
1991.0,West Bengal,Communist Party Of India (MARXIST),27
1991.0,West Bengal,Indian National Congress,5
1991.0,West Bengal,Revolutionary Socialist Party,4
1996.0,Andaman & Nicobar Islands,Indian National Congress,1
1996.0,Andhra Pradesh,All India Majlis-E-Ittehadul Muslimoon,1
1996.0,Andhra Pradesh,Communist Party Of India,2
1996.0,Andhra Pradesh,Communist Party Of India (MARXIST),1
1996.0,Andhra Pradesh,Indian National Congress,22
1996.0,Andhra Pradesh,Telugu Desam,16
1996.0,Arunachal Pradesh,Independent,2
1996.0,Assam,Asom Gana Parisad,5
1996.0,Assam,Autonomous State Demand Committee,1
1996.0,Assam,Bharatiya Janta Party,1
1996.0,Assam,Communist Party Of India (MARXIST),1
1996.0,Assam,Independent,1
1996.0,Assam,Indian National Congress,5
1996.0,Bihar [1947 - 1999],Bharatiya Janta Party,18
1996.0,Bihar [1947 - 1999],Communist Party Of India,3
1996.0,Bihar [1947 - 1999],Independent,1
1996.0,Bihar [1947 - 1999],Indian National Congress,2
1996.0,Bihar [1947 - 1999],Janata Dal,22
1996.0,Bihar [1947 - 1999],Jharkhand Mukti Morcha,1
1996.0,Bihar [1947 - 1999],Samajwadi Party,1
1996.0,Bihar [1947 - 1999],Samata Party,6
1996.0,Chandigarh,Bharatiya Janta Party,1
1996.0,Dadra & Nagar Haveli,Indian National Congress,1
1996.0,Daman & Diu,Indian National Congress,1
1996.0,Delhi [1977 Onwards],Bharatiya Janta Party,5
1996.0,Delhi [1977 Onwards],Indian National Congress,2
1996.0,Goa,Maharashtrawadi Gomantak,1
1996.0,Goa,United Goans Democratic Party,1
1996.0,Gujarat,Bharatiya Janta Party,16
1996.0,Gujarat,Indian National Congress,10
1996.0,Haryana,Bharatiya Janta Party,4
1996.0,Haryana,Haryana Vikas Party,3
1996.0,Haryana,Independent,1
1996.0,Haryana,Indian National Congress,2
1996.0,Himachal Pradesh,Indian National Congress,4
1996.0,Jammu & Kashmir,Bharatiya Janta Party,1
1996.0,Jammu & Kashmir,Indian National Congress,4
1996.0,Jammu & Kashmir,Janata Dal,1
1996.0,Karnataka,Bharatiya Janta Party,6
1996.0,Karnataka,Indian National Congress,5
1996.0,Karnataka,Janata Dal,16
1996.0,Karnataka,Karnataka Congress Party,1
1996.0,Kerala,Communist Party Of India,2
1996.0,Kerala,Communist Party Of India (MARXIST),5
1996.0,Kerala,Independent,1
1996.0,Kerala,Indian National Congress,7
1996.0,Kerala,Janata Dal,1
1996.0,Kerala,Kerala Congress(M),1
1996.0,Kerala,Muslim Leage,2
1996.0,Kerala,Revolutionary Socialist Party,1
1996.0,Lakshadweep,Indian National Congress,1
1996.0,Madhya Pradesh [1947 - 1999],All India Indira Congress (TIWARI),1
1996.0,Madhya Pradesh [1947 - 1999],Bahujan Samaj Party,2
1996.0,Madhya Pradesh [1947 - 1999],Bharatiya Janta Party,27
1996.0,Madhya Pradesh [1947 - 1999],Independent,1
1996.0,Madhya Pradesh [1947 - 1999],Indian National Congress,8
1996.0,Madhya Pradesh [1947 - 1999],Madhya Pradesh Vikas Congress,1
1996.0,Maharashtra,Bharatiya Janta Party,18
1996.0,Maharashtra,Indian National Congress,15
1996.0,Maharashtra,Shiv Sena,15
1996.0,Manipur,Indian National Congress,2
1996.0,Meghalaya,Independent,1
1996.0,Meghalaya,Indian National Congress,1
1996.0,Mizoram,Indian National Congress,1
1996.0,Nagaland,Indian National Congress,1
1996.0,Orissa,Indian National Congress,16
1996.0,Orissa,Janata Dal,4
1996.0,Orissa,Samata Party,1
1996.0,Pondicherry,Indian National Congress,1
1996.0,Punjab,Bahujan Samaj Party,3
1996.0,Punjab,Indian National Congress,2
1996.0,Punjab,Shiromani Akali Dal,8
1996.0,Rajasthan,All India Indira Congress (TIWARI),1
1996.0,Rajasthan,Bharatiya Janta Party,12
1996.0,Rajasthan,Indian National Congress,12
1996.0,Sikkim,Sikkim Democratic Front,1
1996.0,Tamil Nadu,Communist Party Of India,2
1996.0,Tamil Nadu,Dravida Munetra Kazhagam,17
1996.0,Tamil Nadu,Tamil Maanila Congress (MOOPANAR),20
1996.0,Tripura,Communist Party Of India (MARXIST),2
1996.0,Uttar Pradesh [1947 - 1999],All India Indira Congress (TIWARI),2
1996.0,Uttar Pradesh [1947 - 1999],Bahujan Samaj Party,6
1996.0,Uttar Pradesh [1947 - 1999],Bharatiya Janta Party,52
1996.0,Uttar Pradesh [1947 - 1999],Independent,1
1996.0,Uttar Pradesh [1947 - 1999],Indian National Congress,5
1996.0,Uttar Pradesh [1947 - 1999],Janata Dal,2
1996.0,Uttar Pradesh [1947 - 1999],Samajwadi Party,16
1996.0,Uttar Pradesh [1947 - 1999],Samata Party,1
1996.0,West Bengal,All India Forward Bloc,3
1996.0,West Bengal,Communist Party Of India,3
1996.0,West Bengal,Communist Party Of India (MARXIST),23
1996.0,West Bengal,Indian National Congress,9
1996.0,West Bengal,Revolutionary Socialist Party,4
1998.0,Andaman & Nicobar Islands,Indian National Congress,1
1998.0,Andhra Pradesh,All India Majlis-E-Ittehadul Muslimoon,1
1998.0,Andhra Pradesh,Bharatiya Janta Party,4
1998.0,Andhra Pradesh,Communist Party Of India,2
1998.0,Andhra Pradesh,Indian National Congress,22
1998.0,Andhra Pradesh,Janata Dal,1
1998.0,Andhra Pradesh,Telugu Desam,12
1998.0,Arunachal Pradesh,Arunachal Congress,2
1998.0,Assam,Autonomous State Demand Committee,1
1998.0,Assam,Bharatiya Janta Party,1
1998.0,Assam,Independent,1
1998.0,Assam,Indian National Congress,10
1998.0,Assam,"United Minorities Front, Assam",1
1998.0,Bihar [1947 - 1999],All India Rashtriya Janata Party,1
1998.0,Bihar [1947 - 1999],Bharatiya Janta Party,20
1998.0,Bihar [1947 - 1999],Indian National Congress,5
1998.0,Bihar [1947 - 1999],Janata Dal,1
1998.0,Bihar [1947 - 1999],Rashtriya Janata Dal,17
1998.0,Bihar [1947 - 1999],Samata Party,10
1998.0,Chandigarh,Bharatiya Janta Party,1
1998.0,Dadra & Nagar Haveli,Bharatiya Janta Party,1
1998.0,Daman & Diu,Bharatiya Janta Party,1
1998.0,Delhi [1977 Onwards],Bharatiya Janta Party,6
1998.0,Delhi [1977 Onwards],Indian National Congress,1
1998.0,Goa,Indian National Congress,2
1998.0,Gujarat,Bharatiya Janta Party,19
1998.0,Gujarat,Indian National Congress,7
1998.0,Haryana,Bahujan Samaj Party,1
1998.0,Haryana,Bharatiya Janta Party,1
1998.0,Haryana,Haryana Lok Dal (RASTRIYA),4
1998.0,Haryana,Haryana Vikas Party,1
1998.0,Haryana,Indian National Congress,3
1998.0,Himachal Pradesh,Bharatiya Janta Party,3
1998.0,Himachal Pradesh,Indian National Congress,1
1998.0,Jammu & Kashmir,Bharatiya Janta Party,2
1998.0,Jammu & Kashmir,Indian National Congress,1
1998.0,Jammu & Kashmir,Jammu & Kashmir National Conference,3
1998.0,Karnataka,Bharatiya Janta Party,13
1998.0,Karnataka,Indian National Congress,9
1998.0,Karnataka,Janata Dal,3
1998.0,Karnataka,Lok Shakti,3
1998.0,Kerala,Communist Party Of India,2
1998.0,Kerala,Communist Party Of India (MARXIST),6
1998.0,Kerala,Indian National Congress,8
1998.0,Kerala,Kerala Congress(M),1
1998.0,Kerala,Muslim League Kerala State Committee,2
1998.0,Kerala,Revolutionary Socialist Party,1
1998.0,Lakshadweep,Indian National Congress,1
1998.0,Madhya Pradesh [1947 - 1999],Bharatiya Janta Party,30
1998.0,Madhya Pradesh [1947 - 1999],Indian National Congress,10
1998.0,Maharashtra,Bharatiya Janta Party,4
1998.0,Maharashtra,Indian National Congress,33
1998.0,Maharashtra,Peasants And Workers Party Of India,1
1998.0,Maharashtra,Republican Party Of India,4
1998.0,Maharashtra,Shiv Sena,6
1998.0,Manipur,Communist Party Of India,1
1998.0,Manipur,Manipur State Congress Party,1
1998.0,Meghalaya,Indian National Congress,2
1998.0,Mizoram,Independent,1
1998.0,Nagaland,Indian National Congress,1
1998.0,Orissa,Bharatiya Janta Party,7
1998.0,Orissa,Biju Janata Dal,9
1998.0,Orissa,Indian National Congress,5
1998.0,Pondicherry,Dravida Munetra Kazhagam,1
1998.0,Punjab,Bharatiya Janta Party,3
1998.0,Punjab,Independent,1
1998.0,Punjab,Janata Dal,1
1998.0,Punjab,Shiromani Akali Dal,8
1998.0,Rajasthan,All India Indira Congress (SECULAR),1
1998.0,Rajasthan,Bharatiya Janta Party,5
1998.0,Rajasthan,Independent,1
1998.0,Rajasthan,Indian National Congress,18
1998.0,Sikkim,Sikkim Democratic Front,1
1998.0,Tamil Nadu,All India Anna Dravida Munnetra Kazhagam,18
1998.0,Tamil Nadu,Bharatiya Janta Party,3
1998.0,Tamil Nadu,Communist Party Of India,1
1998.0,Tamil Nadu,Dravida Munetra Kazhagam,5
1998.0,Tamil Nadu,Independent,1
1998.0,Tamil Nadu,Janta Party,1
1998.0,Tamil Nadu,Marumalarchi Dravida Munnetra Kazhagam,3
1998.0,Tamil Nadu,Pattali Makkal Katchi,4
1998.0,Tamil Nadu,Tamil Maanila Congress (MOOPANAR),3
1998.0,Tripura,Communist Party Of India (MARXIST),2
1998.0,Uttar Pradesh [1947 - 1999],Bahujan Samaj Party,4
1998.0,Uttar Pradesh [1947 - 1999],Bharatiya Janta Party,57
1998.0,Uttar Pradesh [1947 - 1999],Independent,1
1998.0,Uttar Pradesh [1947 - 1999],Samajwadi Janata Party (RASHTRIYA),1
1998.0,Uttar Pradesh [1947 - 1999],Samajwadi Party,20
1998.0,Uttar Pradesh [1947 - 1999],Samata Party,2
1998.0,West Bengal,All India Forward Bloc,2
1998.0,West Bengal,Bharatiya Janta Party,1
1998.0,West Bengal,Communist Party Of India,3
1998.0,West Bengal,Communist Party Of India (MARXIST),24
1998.0,West Bengal,Indian National Congress,1
1998.0,West Bengal,Revolutionary Socialist Party,4
1998.0,West Bengal,West Bengal Trinamool Congress,7
1999.0,Andaman & Nicobar Islands,Bharatiya Janta Party,1
1999.0,Andhra Pradesh,All India Majlis-E-Ittehadul Muslimoon,1
1999.0,Andhra Pradesh,Bharatiya Janta Party,7
1999.0,Andhra Pradesh,Indian National Congress,5
1999.0,Andhra Pradesh,Telugu Desam,29
1999.0,Arunachal Pradesh,Indian National Congress,2
1999.0,Assam,Bharatiya Janta Party,2
1999.0,Assam,Communist Party Of India (MARXIST-LENINIST) (LIBERATION),1
1999.0,Assam,Independent,1
1999.0,Assam,Indian National Congress,10
1999.0,Bihar [1947 - 1999],Bharatiya Janta Party,23
1999.0,Bihar [1947 - 1999],Communist Party Of India (MARXIST),1
1999.0,Bihar [1947 - 1999],Independent,1
1999.0,Bihar [1947 - 1999],Indian National Congress,4
1999.0,Bihar [1947 - 1999],Janata Dal (United),18
1999.0,Bihar [1947 - 1999],Rashtriya Janata Dal,7
1999.0,Chandigarh,Indian National Congress,1
1999.0,Dadra & Nagar Haveli,Independent,1
1999.0,Daman & Diu,Indian National Congress,1
1999.0,Delhi [1977 Onwards],Bharatiya Janta Party,7
1999.0,Goa,Bharatiya Janta Party,2
1999.0,Gujarat,Bharatiya Janta Party,20
1999.0,Gujarat,Indian National Congress,6
1999.0,Haryana,Bharatiya Janta Party,5
1999.0,Haryana,Indian National Lok Dal,5
1999.0,Himachal Pradesh,Bharatiya Janta Party,3
1999.0,Himachal Pradesh,Himachal Vikash Congress,1
1999.0,Jammu & Kashmir,Bharatiya Janta Party,2
1999.0,Jammu & Kashmir,Jammu & Kashmir National Conference,4
1999.0,Karnataka,Bharatiya Janta Party,7
1999.0,Karnataka,Indian National Congress,18
1999.0,Karnataka,Janata Dal (United),3
1999.0,Kerala,Communist Party Of India (MARXIST),8
1999.0,Kerala,Indian National Congress,8
1999.0,Kerala,Kerala Congress,1
1999.0,Kerala,Kerala Congress(M),1
1999.0,Kerala,Muslim League Kerala State Committee,2
1999.0,Lakshadweep,Indian National Congress,1
1999.0,Madhya Pradesh [1947 - 1999],Bharatiya Janta Party,29
1999.0,Madhya Pradesh [1947 - 1999],Indian National Congress,11
1999.0,Maharashtra,Bharatiya Janta Party,13
1999.0,Maharashtra,Bharipa Bahujan Mahasangh,1
1999.0,Maharashtra,Independent,1
1999.0,Maharashtra,Indian National Congress,10
1999.0,Maharashtra,Janata Dal (Secular),1
1999.0,Maharashtra,Nationalist Congress Party,6
1999.0,Maharashtra,Peasants And Workers Party Of India,1
1999.0,Maharashtra,Shiv Sena,15
1999.0,Manipur,Manipur State Congress Party,1
1999.0,Manipur,Nationalist Congress Party,1
1999.0,Meghalaya,Indian National Congress,1
1999.0,Meghalaya,Nationalist Congress Party,1
1999.0,Mizoram,Independent,1
1999.0,Nagaland,Indian National Congress,1
1999.0,Orissa,Bharatiya Janta Party,9
1999.0,Orissa,Biju Janata Dal,10
1999.0,Orissa,Indian National Congress,2
1999.0,Pondicherry,Indian National Congress,1
1999.0,Punjab,Bharatiya Janta Party,1
1999.0,Punjab,Communist Party Of India,1
1999.0,Punjab,Indian National Congress,8
1999.0,Punjab,Shiromani Akali Dal,2
1999.0,Punjab,Shiromani Akali Dal (SIMRANJIT SINGH MANN),1
1999.0,Rajasthan,Bharatiya Janta Party,16
1999.0,Rajasthan,Indian National Congress,9
1999.0,Sikkim,Sikkim Democratic Front,1
1999.0,Tamil Nadu,All India Anna Dravida Munnetra Kazhagam,10
1999.0,Tamil Nadu,Bharatiya Janta Party,4
1999.0,Tamil Nadu,Communist Party Of India (MARXIST),1
1999.0,Tamil Nadu,Dravida Munetra Kazhagam,12
1999.0,Tamil Nadu,Indian National Congress,2
1999.0,Tamil Nadu,M.G.R.Anna D.M.Kazhagam,1
1999.0,Tamil Nadu,Marumalarchi Dravida Munnetra Kazhagam,4
1999.0,Tamil Nadu,Pattali Makkal Katchi,5
1999.0,Tripura,Communist Party Of India (MARXIST),2
1999.0,Uttar Pradesh [1947 - 1999],Akhil Bhartiya Lok Tantrik Congress,2
1999.0,Uttar Pradesh [1947 - 1999],Bahujan Samaj Party,14
1999.0,Uttar Pradesh [1947 - 1999],Bharatiya Janta Party,29
1999.0,Uttar Pradesh [1947 - 1999],Independent,1
1999.0,Uttar Pradesh [1947 - 1999],Indian National Congress,10
1999.0,Uttar Pradesh [1947 - 1999],Rashtriya Lok Dal,2
1999.0,Uttar Pradesh [1947 - 1999],Samajwadi Janata Party (RASHTRIYA),1
1999.0,Uttar Pradesh [1947 - 1999],Samajwadi Party,26
1999.0,West Bengal,All India Forward Bloc,2
1999.0,West Bengal,All India Trinamool Congress,8
1999.0,West Bengal,Bharatiya Janta Party,2
1999.0,West Bengal,Communist Party Of India,3
1999.0,West Bengal,Communist Party Of India (MARXIST),21
1999.0,West Bengal,Indian National Congress,3
1999.0,West Bengal,Revolutionary Socialist Party,3
2004.0,Andaman & Nicobar Islands,Indian National Congress,1
2004.0,Andhra Pradesh,All India Majlis-E-Ittehadul Muslimoon,1
2004.0,Andhra Pradesh,Communist Party Of India,1
2004.0,Andhra Pradesh,Communist Party Of India (MARXIST),1
2004.0,Andhra Pradesh,Indian National Congress,29
2004.0,Andhra Pradesh,Telangana Rashtra Samithi,5
2004.0,Andhra Pradesh,Telugu Desam,5
2004.0,Arunachal Pradesh,Bharatiya Janta Party,2
2004.0,Assam,Asom Gana Parisad,2
2004.0,Assam,Bharatiya Janta Party,2
2004.0,Assam,Independent,1
2004.0,Assam,Indian National Congress,9
2004.0,Bihar [2000 Onwards],Bharatiya Janta Party,5
2004.0,Bihar [2000 Onwards],Indian National Congress,3
2004.0,Bihar [2000 Onwards],Janata Dal (United),6
2004.0,Bihar [2000 Onwards],Lok Jan Shakti Party,4
2004.0,Bihar [2000 Onwards],Rashtriya Janata Dal,22
2004.0,Chandigarh,Indian National Congress,1
2004.0,Chhattisgarh,Bharatiya Janta Party,10
2004.0,Chhattisgarh,Indian National Congress,1
2004.0,Dadra & Nagar Haveli,Bharatiya Navshakti Party,1
2004.0,Daman & Diu,Indian National Congress,1
2004.0,Delhi [1977 Onwards],Bharatiya Janta Party,1
2004.0,Delhi [1977 Onwards],Indian National Congress,6
2004.0,Goa,Bharatiya Janta Party,1
2004.0,Goa,Indian National Congress,1
2004.0,Gujarat,Bharatiya Janta Party,14
2004.0,Gujarat,Indian National Congress,12
2004.0,Haryana,Bharatiya Janta Party,1
2004.0,Haryana,Indian National Congress,9
2004.0,Himachal Pradesh,Bharatiya Janta Party,1
2004.0,Himachal Pradesh,Indian National Congress,3
2004.0,Jammu & Kashmir,Independent,1
2004.0,Jammu & Kashmir,Indian National Congress,2
2004.0,Jammu & Kashmir,Jammu & Kashmir National Conference,2
2004.0,Jammu & Kashmir,Jammu & Kashmir Peoples Democratic Party,1
2004.0,Jharkhand,Bharatiya Janta Party,1
2004.0,Jharkhand,Communist Party Of India,1
2004.0,Jharkhand,Indian National Congress,6
2004.0,Jharkhand,Jharkhand Mukti Morcha,4
2004.0,Jharkhand,Rashtriya Janata Dal,2
2004.0,Karnataka,Bharatiya Janta Party,18
2004.0,Karnataka,Indian National Congress,8
2004.0,Karnataka,Janata Dal (Secular),2
2004.0,Kerala,Communist Party Of India,3
2004.0,Kerala,Communist Party Of India (MARXIST),12
2004.0,Kerala,Independent,1
2004.0,Kerala,Indian Federal Democratic Party,1
2004.0,Kerala,Janata Dal (Secular),1
2004.0,Kerala,Kerala Congress,1
2004.0,Kerala,Muslim League Kerala State Committee,1
2004.0,Lakshadweep,Janata Dal (United),1
2004.0,Madhya Pradesh [2000 Onwards],Bharatiya Janta Party,25
2004.0,Madhya Pradesh [2000 Onwards],Indian National Congress,4
2004.0,Maharashtra,Bharatiya Janta Party,13
2004.0,Maharashtra,Indian National Congress,13
2004.0,Maharashtra,Nationalist Congress Party,9
2004.0,Maharashtra,Republican Party Of India (A),1
2004.0,Maharashtra,Shiv Sena,12
2004.0,Manipur,Independent,1
2004.0,Manipur,Indian National Congress,1
2004.0,Meghalaya,All India Trinamool Congress,1
2004.0,Meghalaya,Indian National Congress,1
2004.0,Mizoram,Mizo National Front,1
2004.0,Nagaland,Nagaland Peoples Front,1
2004.0,Orissa,Bharatiya Janta Party,7
2004.0,Orissa,Biju Janata Dal,11
2004.0,Orissa,Indian National Congress,2
2004.0,Orissa,Jharkhand Mukti Morcha,1
2004.0,Pondicherry,Pattali Makkal Katchi,1
2004.0,Punjab,Bharatiya Janta Party,3
2004.0,Punjab,Indian National Congress,2
2004.0,Punjab,Shiromani Akali Dal,8
2004.0,Rajasthan,Bharatiya Janta Party,21
2004.0,Rajasthan,Indian National Congress,4
2004.0,Sikkim,Sikkim Democratic Front,1
2004.0,Tamil Nadu,Communist Party Of India,2
2004.0,Tamil Nadu,Communist Party Of India (MARXIST),2
2004.0,Tamil Nadu,Dravida Munetra Kazhagam,16
2004.0,Tamil Nadu,Indian National Congress,10
2004.0,Tamil Nadu,Marumalarchi Dravida Munnetra Kazhagam,4
2004.0,Tamil Nadu,Pattali Makkal Katchi,5
2004.0,Tripura,Communist Party Of India (MARXIST),2
2004.0,Uttar Pradesh [2000 Onwards],Bahujan Samaj Party,19
2004.0,Uttar Pradesh [2000 Onwards],Bharatiya Janta Party,10
2004.0,Uttar Pradesh [2000 Onwards],Independent,1
2004.0,Uttar Pradesh [2000 Onwards],Indian National Congress,9
2004.0,Uttar Pradesh [2000 Onwards],Janata Dal (United),1
2004.0,Uttar Pradesh [2000 Onwards],National Loktantrik Party,1
2004.0,Uttar Pradesh [2000 Onwards],Rashtriya Lok Dal,3
2004.0,Uttar Pradesh [2000 Onwards],Samajwadi Janata Party (RASHTRIYA),1
2004.0,Uttar Pradesh [2000 Onwards],Samajwadi Party,35
2004.0,Uttarakhand,Bharatiya Janta Party,3
2004.0,Uttarakhand,Indian National Congress,1
2004.0,Uttarakhand,Samajwadi Party,1
2004.0,West Bengal,All India Forward Bloc,3
2004.0,West Bengal,All India Trinamool Congress,1
2004.0,West Bengal,Communist Party Of India,3
2004.0,West Bengal,Communist Party Of India (MARXIST),26
2004.0,West Bengal,Indian National Congress,6
2004.0,West Bengal,Revolutionary Socialist Party,3
2009.0,Andaman & Nicobar Islands,Bharatiya Janta Party,1
2009.0,Andhra Pradesh,All India Majlis-E-Ittehadul Muslimoon,1
2009.0,Andhra Pradesh,Indian National Congress,33
2009.0,Andhra Pradesh,Telangana Rashtra Samithi,2
2009.0,Andhra Pradesh,Telugu Desam,6
2009.0,Arunachal Pradesh,Indian National Congress,2
2009.0,Assam,Asom Gana Parisad,1
2009.0,Assam,Assam United Democratic Front,1
2009.0,Assam,Bharatiya Janta Party,4
2009.0,Assam,Bodaland Peoples Front,1
2009.0,Assam,Indian National Congress,7
2009.0,Bihar [2000 Onwards],Bharatiya Janta Party,12
2009.0,Bihar [2000 Onwards],Independent,2
2009.0,Bihar [2000 Onwards],Indian National Congress,2
2009.0,Bihar [2000 Onwards],Janata Dal (United),20
2009.0,Bihar [2000 Onwards],Rashtriya Janata Dal,4
2009.0,Chandigarh,Indian National Congress,1
2009.0,Chhattisgarh,Bharatiya Janta Party,10
2009.0,Chhattisgarh,Indian National Congress,1
2009.0,Dadra & Nagar Haveli,Bharatiya Janta Party,1
2009.0,Daman & Diu,Bharatiya Janta Party,1
2009.0,Delhi [1977 Onwards],Indian National Congress,7
2009.0,Goa,Bharatiya Janta Party,1
2009.0,Goa,Indian National Congress,1
2009.0,Gujarat,Bharatiya Janta Party,15
2009.0,Gujarat,Indian National Congress,11
2009.0,Haryana,Haryana Janhit Congress (BL),1
2009.0,Haryana,Indian National Congress,9
2009.0,Himachal Pradesh,Bharatiya Janta Party,3
2009.0,Himachal Pradesh,Indian National Congress,1
2009.0,Jammu & Kashmir,Independent,1
2009.0,Jammu & Kashmir,Indian National Congress,2
2009.0,Jammu & Kashmir,Jammu & Kashmir National Conference,3
2009.0,Jharkhand,Bharatiya Janta Party,8
2009.0,Jharkhand,Independent,2
2009.0,Jharkhand,Indian National Congress,1
2009.0,Jharkhand,Jharkhand Mukti Morcha,2
2009.0,Jharkhand,Jharkhand Vikas Morcha (Prajatantrik),1
2009.0,Karnataka,Bharatiya Janta Party,19
2009.0,Karnataka,Indian National Congress,6
2009.0,Karnataka,Janata Dal (Secular),3
2009.0,Kerala,Communist Party Of India (MARXIST),4
2009.0,Kerala,Indian National Congress,13
2009.0,Kerala,Kerala Congress(M),1
2009.0,Kerala,Muslim League Kerala State Committee,2
2009.0,Lakshadweep,Indian National Congress,1
2009.0,Madhya Pradesh [2000 Onwards],Bahujan Samaj Party,1
2009.0,Madhya Pradesh [2000 Onwards],Bharatiya Janta Party,16
2009.0,Madhya Pradesh [2000 Onwards],Indian National Congress,12
2009.0,Maharashtra,Bahujan Vikas Aaghadi,1
2009.0,Maharashtra,Bharatiya Janta Party,9
2009.0,Maharashtra,Independent,1
2009.0,Maharashtra,Indian National Congress,17
2009.0,Maharashtra,Nationalist Congress Party,8
2009.0,Maharashtra,Shiv Sena,11
2009.0,Maharashtra,Swabhimani Paksha,1
2009.0,Manipur,Indian National Congress,2
2009.0,Meghalaya,Indian National Congress,1
2009.0,Meghalaya,Nationalist Congress Party,1
2009.0,Mizoram,Indian National Congress,1
2009.0,Nagaland,Nagaland Peoples Front,1
2009.0,Orissa,Biju Janata Dal,14
2009.0,Orissa,Communist Party Of India,1
2009.0,Orissa,Indian National Congress,6
2009.0,Pondicherry,Indian National Congress,1
2009.0,Punjab,Bharatiya Janta Party,1
2009.0,Punjab,Indian National Congress,8
2009.0,Punjab,Shiromani Akali Dal,4
2009.0,Rajasthan,Bharatiya Janta Party,4
2009.0,Rajasthan,Independent,1
2009.0,Rajasthan,Indian National Congress,20
2009.0,Sikkim,Sikkim Democratic Front,1
2009.0,Tamil Nadu,All India Anna Dravida Munnetra Kazhagam,9
2009.0,Tamil Nadu,Communist Party Of India,1
2009.0,Tamil Nadu,Communist Party Of India (MARXIST),1
2009.0,Tamil Nadu,Dravida Munetra Kazhagam,18
2009.0,Tamil Nadu,Indian National Congress,8
2009.0,Tamil Nadu,Marumalarchi Dravida Munnetra Kazhagam,1
2009.0,Tamil Nadu,Viduthalai Chiruthaigal Katchi,1
2009.0,Tripura,Communist Party Of India (MARXIST),2
2009.0,Uttar Pradesh [2000 Onwards],Bahujan Samaj Party,20
2009.0,Uttar Pradesh [2000 Onwards],Bharatiya Janta Party,10
2009.0,Uttar Pradesh [2000 Onwards],Independent,1
2009.0,Uttar Pradesh [2000 Onwards],Indian National Congress,21
2009.0,Uttar Pradesh [2000 Onwards],Rashtriya Lok Dal,5
2009.0,Uttar Pradesh [2000 Onwards],Samajwadi Party,23
2009.0,Uttarakhand,Indian National Congress,5
2009.0,West Bengal,All India Forward Bloc,2
2009.0,West Bengal,All India Trinamool Congress,19
2009.0,West Bengal,Bharatiya Janta Party,1
2009.0,West Bengal,Communist Party Of India,2
2009.0,West Bengal,Communist Party Of India (MARXIST),9
2009.0,West Bengal,Independent,1
2009.0,West Bengal,Indian National Congress,6
2009.0,West Bengal,Revolutionary Socialist Party,2
2014.0,Andaman & Nicobar Islands,Bharatiya Janta Party,1
2014.0,Andhra Pradesh [2014 Onwards],Bharatiya Janta Party,2
2014.0,Andhra Pradesh [2014 Onwards],Telugu Desam,15
2014.0,Andhra Pradesh [2014 Onwards],Yuvajana Sramika Rythu Congress Party,8
2014.0,Arunachal Pradesh,Bharatiya Janta Party,1
2014.0,Arunachal Pradesh,Indian National Congress,1
2014.0,Assam,All India United Democratic Front,3
2014.0,Assam,Bharatiya Janta Party,7
2014.0,Assam,Independent,1
2014.0,Assam,Indian National Congress,3
2014.0,Bihar [2000 Onwards],Bharatiya Janta Party,22
2014.0,Bihar [2000 Onwards],Indian National Congress,2
2014.0,Bihar [2000 Onwards],Janata Dal (United),2
2014.0,Bihar [2000 Onwards],Lok Jan Shakti Party,6
2014.0,Bihar [2000 Onwards],Nationalist Congress Party,1
2014.0,Bihar [2000 Onwards],Rashtriya Janata Dal,4
2014.0,Bihar [2000 Onwards],Rashtriya Lok Samta Party,3
2014.0,Chandigarh,Bharatiya Janta Party,1
2014.0,Chhattisgarh,Bharatiya Janta Party,10
2014.0,Chhattisgarh,Indian National Congress,1
2014.0,Dadra & Nagar Haveli,Bharatiya Janta Party,1
2014.0,Daman & Diu,Bharatiya Janta Party,1
2014.0,Delhi [1977 Onwards],Bharatiya Janta Party,7
2014.0,Goa,Bharatiya Janta Party,2
2014.0,Gujarat,Bharatiya Janta Party,26
2014.0,Haryana,Bharatiya Janta Party,7
2014.0,Haryana,Indian National Congress,1
2014.0,Haryana,Indian National Lok Dal,2
2014.0,Himachal Pradesh,Bharatiya Janta Party,4
2014.0,Jammu & Kashmir,Bharatiya Janta Party,3
2014.0,Jammu & Kashmir,Jammu & Kashmir Peoples Democratic Party,3
2014.0,Jharkhand,Bharatiya Janta Party,12
2014.0,Jharkhand,Jharkhand Mukti Morcha,2
2014.0,Karnataka,Bharatiya Janta Party,17
2014.0,Karnataka,Indian National Congress,9
2014.0,Karnataka,Janata Dal (Secular),2
2014.0,Kerala,Communist Party Of India,1
2014.0,Kerala,Communist Party Of India (MARXIST),5
2014.0,Kerala,Independent,2
2014.0,Kerala,Indian National Congress,8
2014.0,Kerala,Indian Union Muslim League,2
2014.0,Kerala,Kerala Congress(M),1
2014.0,Kerala,Revolutionary Socialist Party,1
2014.0,Lakshadweep,Nationalist Congress Party,1
2014.0,Madhya Pradesh [2000 Onwards],Bharatiya Janta Party,27
2014.0,Madhya Pradesh [2000 Onwards],Indian National Congress,2
2014.0,Maharashtra,Bharatiya Janta Party,23
2014.0,Maharashtra,Indian National Congress,2
2014.0,Maharashtra,Nationalist Congress Party,4
2014.0,Maharashtra,Shiv Sena,18
2014.0,Maharashtra,Swabhimani Paksha,1
2014.0,Manipur,Indian National Congress,2
2014.0,Meghalaya,Indian National Congress,1
2014.0,Meghalaya,National People's Party,1
2014.0,Mizoram,Indian National Congress,1
2014.0,Nagaland,Naga Peoples Front,1
2014.0,Orissa,Bharatiya Janta Party,1
2014.0,Orissa,Biju Janata Dal,20
2014.0,Pondicherry,All India N.R. Congress,1
2014.0,Punjab,Aam Aadmi Party,4
2014.0,Punjab,Bharatiya Janta Party,2
2014.0,Punjab,Indian National Congress,3
2014.0,Punjab,Shiromani Akali Dal,4
2014.0,Rajasthan,Bharatiya Janta Party,25
2014.0,Sikkim,Sikkim Democratic Front,1
2014.0,Tamil Nadu,All India Anna Dravida Munnetra Kazhagam,37
2014.0,Tamil Nadu,Bharatiya Janta Party,1
2014.0,Tamil Nadu,Pattali Makkal Katchi,1
2014.0,Telangana,All India Majlis-E-Ittehadul Muslimoon,1
2014.0,Telangana,Bharatiya Janta Party,1
2014.0,Telangana,Indian National Congress,2
2014.0,Telangana,Telangana Rashtra Samithi,11
2014.0,Telangana,Telugu Desam,1
2014.0,Telangana,Yuvajana Sramika Rythu Congress Party,1
2014.0,Tripura,Communist Party Of India (MARXIST),2
2014.0,Uttar Pradesh [2000 Onwards],Apna Dal,2
2014.0,Uttar Pradesh [2000 Onwards],Bharatiya Janta Party,71
2014.0,Uttar Pradesh [2000 Onwards],Indian National Congress,2
2014.0,Uttar Pradesh [2000 Onwards],Samajwadi Party,5
2014.0,Uttarakhand,Bharatiya Janta Party,5
2014.0,West Bengal,All India Trinamool Congress,34
2014.0,West Bengal,Bharatiya Janta Party,2
2014.0,West Bengal,Communist Party Of India (MARXIST),2
2014.0,West Bengal,Indian National Congress,4
2019.0,Andaman & Nicobar Islands,Indian National Congress,1
2019.0,Andhra Pradesh [2014 Onwards],Telugu Desam,3
2019.0,Andhra Pradesh [2014 Onwards],Yuvajana Sramika Rythu Congress Party,22
2019.0,Arunachal Pradesh,Bharatiya Janta Party,2
2019.0,Assam,All India United Democratic Front,1
2019.0,Assam,Bharatiya Janta Party,8
2019.0,Assam,Independent,1
2019.0,Assam,Indian National Congress,3
2019.0,Bihar [2000 Onwards],Bharatiya Janta Party,17
2019.0,Bihar [2000 Onwards],Indian National Congress,1
2019.0,Bihar [2000 Onwards],Janata Dal (United),16
2019.0,Bihar [2000 Onwards],Lok Jan Shakti Party,6
2019.0,Chandigarh,Bharatiya Janta Party,1
2019.0,Chhattisgarh,Bharatiya Janta Party,9
2019.0,Chhattisgarh,Indian National Congress,2
2019.0,Dadra & Nagar Haveli,Independent,1
2019.0,Daman & Diu,Bharatiya Janta Party,1
2019.0,Delhi [1977 Onwards],Bharatiya Janta Party,7
2019.0,Goa,Bharatiya Janta Party,1
2019.0,Goa,Indian National Congress,1
2019.0,Gujarat,Bharatiya Janta Party,26
2019.0,Haryana,Bharatiya Janta Party,10
2019.0,Himachal Pradesh,Bharatiya Janta Party,4
2019.0,Jammu & Kashmir,Bharatiya Janta Party,3
2019.0,Jammu & Kashmir,Jammu & Kashmir National Conference,3
2019.0,Jharkhand,All Jharkhand Students Union,1
2019.0,Jharkhand,Bharatiya Janta Party,11
2019.0,Jharkhand,Indian National Congress,1
2019.0,Jharkhand,Jharkhand Mukti Morcha,1
2019.0,Karnataka,Bharatiya Janta Party,25
2019.0,Karnataka,Independent,1
2019.0,Karnataka,Indian National Congress,1
2019.0,Karnataka,Janata Dal (Secular),1
2019.0,Kerala,Communist Party Of India (Marxist),1
2019.0,Kerala,Indian National Congress,15
2019.0,Kerala,Indian Union Muslim League,2
2019.0,Kerala,Kerala Congress(M),1
2019.0,Kerala,Revolutionary Socialist Party,1
2019.0,Lakshadweep,Nationalist Congress Party,1
2019.0,Madhya Pradesh [2000 Onwards],Bharatiya Janta Party,28
2019.0,Madhya Pradesh [2000 Onwards],Indian National Congress,1
2019.0,Maharashtra,All India Majlis-E-Ittehadul Muslimeen,1
2019.0,Maharashtra,Bharatiya Janta Party,23
2019.0,Maharashtra,Independent,1
2019.0,Maharashtra,Indian National Congress,1
2019.0,Maharashtra,Nationalist Congress Party,4
2019.0,Maharashtra,Shiv Sena,18
2019.0,Manipur,Bharatiya Janta Party,1
2019.0,Manipur,Naga Peoples Front,1
2019.0,Meghalaya,Indian National Congress,1
2019.0,Meghalaya,National People's Party,1
2019.0,Mizoram,Mizo National Front,1
2019.0,Nagaland,Nationalist Democratic Progressive Party,1
2019.0,Orissa,Bharatiya Janta Party,8
2019.0,Orissa,Biju Janata Dal,12
2019.0,Orissa,Indian National Congress,1
2019.0,Pondicherry,Indian National Congress,1
2019.0,Punjab,Aam Aadmi Party,1
2019.0,Punjab,Bharatiya Janta Party,2
2019.0,Punjab,Indian National Congress,8
2019.0,Punjab,Shiromani Akali Dal,2
2019.0,Rajasthan,Bharatiya Janta Party,24
2019.0,Rajasthan,Rashtriya Loktantrik Party,1
2019.0,Sikkim,Sikkim Krantikari Morcha,1
2019.0,Tamil Nadu,All India Anna Dravida Munnetra Kazhagam,1
2019.0,Tamil Nadu,Communist Party Of India,2
2019.0,Tamil Nadu,Communist Party Of India (Marxist),2
2019.0,Tamil Nadu,Dravida Munetra Kazhagam,23
2019.0,Tamil Nadu,Indian National Congress,8
2019.0,Tamil Nadu,Indian Union Muslim League,1
2019.0,Tamil Nadu,Viduthalai Chiruthaigal Katchi,1
2019.0,Telangana,All India Majlis-E-Ittehadul Muslimeen,1
2019.0,Telangana,Bharatiya Janta Party,4
2019.0,Telangana,Indian National Congress,3
2019.0,Telangana,Telangana Rashtra Samithi,9
2019.0,Tripura,Bharatiya Janta Party,2
2019.0,Uttar Pradesh [2000 Onwards],Apna Dal (Soneylal),2
2019.0,Uttar Pradesh [2000 Onwards],Bahujan Samaj Party,10
2019.0,Uttar Pradesh [2000 Onwards],Bharatiya Janta Party,62
2019.0,Uttar Pradesh [2000 Onwards],Indian National Congress,1
2019.0,Uttar Pradesh [2000 Onwards],Samajwadi Party,5
2019.0,Uttarakhand,Bharatiya Janta Party,5
2019.0,West Bengal,All India Trinamool Congress,22
2019.0,West Bengal,Bharatiya Janta Party,18
2019.0,West Bengal,Indian National Congress,2
